X.SampleID,BarcodeSequence,LinkerPrimerSequence,Pot,Soilelev ,Seedelev ,Soiltreat ,Soiltreat2,Description
S1,TCAAGTGTTTCG,GCATCGATGAAGAACGCAGC,1,3100,3100,SC,S,6.2 SC 
S2,TCAAGTCGTACG,GCATCGATGAAGAACGCAGC,2,3100,3100,SC,S,3.2 SC
S3,TCAAGTGAGTGG,GCATCGATGAAGAACGCAGC,3,3100,3100,SC,S,7.2 SC
S4,TCAAGTGGTAGC,GCATCGATGAAGAACGCAGC,4,3100,3100,SC,S,1.2 SC
S5,TCAAGTACTGAT,GCATCGATGAAGAACGCAGC,5,3100,3100,SC,S,2.2 SC
S6,TCAAGTATGAGC,GCATCGATGAAGAACGCAGC,6,3100,3100,GC,S,6.4 GC
S7,TCAAGTATTCCT,GCATCGATGAAGAACGCAGC,7,3100,3100,GC,S,2.4 GC
S8,TCAAGTCAAAAG,GCATCGATGAAGAACGCAGC,8,3100,3100,GC,S,7.4 GC
S9,TCAAGTCAACTA,GCATCGATGAAGAACGCAGC,9,3100,3100,GC,S,3.4 GC
S10,TCAAGTCACCGG,GCATCGATGAAGAACGCAGC,10,3100,3100,GC,S,1.4 GC
S11,TCAAGTCACGAT,GCATCGATGAAGAACGCAGC,11,3100,3100,SR1,SR,1.1 SR
S12,AGCAGTCTATAC,GCATCGATGAAGAACGCAGC,12,3100,3100,SR1,SR,7.1 SR
S13,TCAAGTCAGGCG,GCATCGATGAAGAACGCAGC,13,3100,3100,SR1,SR,6.1 SR
S14,TCAAGTCATGGC,GCATCGATGAAGAACGCAGC,14,3100,3100,SR1,SR,2.1 SR
S15,TCAAGTCATTTT,GCATCGATGAAGAACGCAGC,15,3100,3100,SR1,SR,3.1 SR
S16,TCAAGTCCAACA,GCATCGATGAAGAACGCAGC,16,3100,3100,SR5,SR,Chris 3100 1 SR
S17,TCAAGTCGGAAT,GCATCGATGAAGAACGCAGC,17,3100,3100,SR5,SR,Chris 3100 2 SR
S18,TCAAGTCTAGCT,GCATCGATGAAGAACGCAGC,18,3100,3100,SR5,SR,Chris 3100 3 SR
S19,TCAAGTCTATAC,GCATCGATGAAGAACGCAGC,19,3100,3100,SR5,SR,Chris 3100 4 SR
S20,TCAAGTCTCAGA,GCATCGATGAAGAACGCAGC,20,3100,3100,SR5,SR,Chris 3100 5 SR
S21,TCAAGTGATATA,GCATCGATGAAGAACGCAGC,21,3700,3100,SC,S,26.2 SC
S22,TCAAGTATAATA,GCATCGATGAAGAACGCAGC,22,3700,3100,SC,S,30.2 SC
S23,AGCAGTCGGAAT,GCATCGATGAAGAACGCAGC,23,3700,3100,SC,S,21.2 SC
S24,AGCAGTCTAGCT,GCATCGATGAAGAACGCAGC,24,3700,3100,SC,S,22.2 SC
S25,AGCAGTGTTTCG,GCATCGATGAAGAACGCAGC,25,3700,3100,SC,S,27.2 SC
S26,AGCAGTCGTACG,GCATCGATGAAGAACGCAGC,26,3700,3100,GC,S,21.4 GC
S27,AGCAGTGAGTGG,GCATCGATGAAGAACGCAGC,27,3700,3100,GC,S,27.4 GC
S28,AGCAGTGGTAGC,GCATCGATGAAGAACGCAGC,28,3700,3100,GC,S,22.4 GC
S29,AGCAGTACTGAT,GCATCGATGAAGAACGCAGC,29,3700,3100,GC,S,30.4 GC
S30,AGCAGTATGAGC,GCATCGATGAAGAACGCAGC,30,3700,3100,GC,S,26.4 GC
S31,AGCAGTATTCCT,GCATCGATGAAGAACGCAGC,31,3700,3100,SR1,SR,26.1 SR
S32,AGCAGTCAAAAG,GCATCGATGAAGAACGCAGC,32,3700,3100,SR1,SR,30.1 SR
S33,AGCAGTCAACTA,GCATCGATGAAGAACGCAGC,33,3700,3100,SR1,SR,21.1 SR
S34,AGCAGTCACCGG,GCATCGATGAAGAACGCAGC,34,3700,3100,SR1,SR,22.1 SR
S35,AGCAGTCACGAT,GCATCGATGAAGAACGCAGC,35,3700,3100,SR1,SR,27.1 SR
S36,AGCAGTCTCAGA,GCATCGATGAAGAACGCAGC,36,3700,3100,SR5,SR,Chris 3100 5 SR
S37,GGCCTGCATGGC,GCATCGATGAAGAACGCAGC,37,3700,3100,SR5,SR,Chris 3100 1 SR
S38,GGCCTGCATTTT,GCATCGATGAAGAACGCAGC,38,3700,3100,SR5,SR,Chris 3100 4 SR
S39,GGCCTGCCAACA,GCATCGATGAAGAACGCAGC,39,3700,3100,SR5,SR,Chris 3100 2 SR
S40,AGCAGTCCAACA,GCATCGATGAAGAACGCAGC,40,3700,3100,SR5,SR,Chris 3100 3 SR
